﻿index,content
汪伦在哪里送的李白？,在桃花潭边，李白即将离开的地方。
李白送别的地点在哪里？,泾县桃花潭
李白是在哪做的船？,泾县桃花潭
李白是从哪里离开要到哪里去,离开泾县桃花潭，但未说明去哪里
表示突然听到或忽然得知的意思,
《赠汪伦》是李白写给汪伦的诗，与杜甫无直接关系。没有明确记录表明他们两人在此前已经认识。,
李白坐上小船刚刚要离开，这是要去哪？,诗中并未明确说明李白要去哪里，但可以推测他可能是为了游历、访友或完成某项任务而离开。
李白为什么要乘舟去远方？,可能是为了游历、求学、访友或追求更高的艺术境界。
李白为什么要坐上小船离开？,可能是为了游历、求学、访友或追求更高的艺术境界。
李白要去哪儿里？汪伦为什么要用歌声来与李白吿别？,可能是为了游历、求学、访友或追求更高的艺术境界。汪伦是他的朋友，在李白离开时用歌声表达了自己的深情厚谊。
为什么李白要乘舟去远行？,可能是为了游历、求学、访友或追求更高的艺术境界。
李白要去哪？,可能是为了游历、求学、访友或追求更高的艺术境界。
李白为什么要离开汪伦，,可能是为了游历、求学、访友或追求更高的艺术境界。
李白坐船去干什么,可能是为了游历、求学、访友或追求更高的艺术境界。
桃花潭水真的有那么深吗？,“千尺”是夸张的说法，并非实指。
桃花滩怎么潭水深千尺的？,“千尺”是夸张的说法，并非实指。
桃花滩为什么要深千尺呢？,“千尺”是夸张的说法，并非实指。
在第三句的桃花潭水深千尺那句中的千尺有多少米？,“千尺”是夸张的说法，并非实指。
桃花潭的水真的有千尺深吗？,“千尺”是夸张的说法，用于形容水深，并非实指。
李白写给汪伦的诗都有哪些,《赠汪伦》和《过汪氏别业》
汪伦和李白是怎么认识的？,汪伦仰慕李白已久，因深知李白好饮酒，喜游历，就为李白捎去一封信，称当地有十里桃花，万家酒楼。李白听后，欣然前往。结果十里桃花变成了十里外的桃花渡口，万家酒楼实际是万氏开的酒楼。汪伦盛情邀请李白，二人认识。
在什么的背景下写的这首诗呢？,李白在离开汪伦时，被汪伦的热情相送所感动，即兴写下的。
汪沦和李白他们认识多久了？,具体时间不详。
汪伦是什么地方人？,汪伦是泾县（今安徽泾县）人。
赠汪伦是为了什么？,为了表达对汪伦深情厚谊的感激和惜别之情。
李白为何要作这首诗？,为了记录与汪伦的深厚友情，以及表达对汪伦送别的感激之情。
李白为什么要写下这首诗？,李白在离开汪伦时，被汪伦的热情相送所感动，即兴写下的。
为什么要赠汪伦？,为了表达他对汪伦友情的珍视和感激
桃花潭水深千尺，不及汪伦送我情”这句诗运用了什么修辞手法？,这句诗运用了夸张和对比的修辞手法，以水深来比喻汪伦的送别之情之深。
李白乘坐的什么舟？,图片中没有直接提及李白乘坐的具体舟型，但可以想象在古代，李白可能会乘坐传统的木船或轻舟
桃花潭水深千尺。为什么还不及汪伦送他的一首歌呢？,李白用夸张的手法来形容汪伦的友情之深。桃花潭的水虽然深不可测，但汪伦的歌声中所表达的深情厚谊却更加难以估量，超越了任何物质的深度。
为什么不及汪伦送我情？,表示桃花潭的水深都比不上汪伦的送别之情。
桃花潭在哪里,桃花潭位于今安徽泾县西南一百里处的桃花潭镇翟、万二村之间。
桃花潭所在地,桃花潭位于今安徽泾县西南一百里处的桃花潭镇翟、万二村之间。
岸上唱的是什么歌？,欢快的、深情的送别之歌
是谁在唱歌，唱的什么歌？,汪伦及其友人或村民。欢快的、深情的送别之歌
岸上有什么样的歌声？,欢快的、深情的送别之歌
他们告别的时候会说些什么？,可能包含祝福、惜别和期待再会的话语。
汪伦为什么要送李白,因为汪伦对李白有深厚的友情，希望亲自送别以表达不舍之情。
李白是什么时候认识的汪伦？,具体时间不详。
汪伦和李白是什么关系？,朋友关系
汪伦给谁唱的歌,李白
李白去汪伦那里干什么了,受邀到汪伦家做客
李白是什么时候认识的汪伦？,具体时间不详。
《赠汪伦》这首诗表达了怎样的思想感情？,表达了李白对汪伦的深厚友情和感激之情，以及离别时的不舍和留恋。
李白为什么和汪伦的感情如此深厚,李白被汪伦的盛情邀请和送别感动了
这首诗在哪里写的？,泾县桃花潭
汪伦和李白这么好，为什么不留下来？,可能是为了游历、求学、访友或追求更高的艺术境界。
,
为什么害怕天上的人听到？,李白认为高声会惊扰神灵或天上的存在。
为什么要害怕天上的人听到呢？,害怕天上的人听到、是因为敬畏神灵，害怕惊扰他们。
之所以害怕被天上的人听到，是害怕被天上的神仙惩罚吗？,是的，李白认为高声会惊扰神灵或天上的存在。
为什么要害怕天上的人？,古代文化中，天上的人通常指的是神灵或仙人，人们普遍认为他们拥有超凡的力量和威严，因此害怕惊扰或得罪他们，以免带来不幸或灾难。
李白为什么害怕吵到他们?,李白害怕吵到他们是因为古代文化中普遍存在的对神灵的敬畏心理，认为高声会惊扰神灵。
李白为什么不敢声音大的说话？,李白认为高声会惊扰神灵或天上的存在。
为什么不敢高声语,李白认为高声会惊扰神灵或天上的存在。
为什么李白不敢高声说话，李白为什么害怕天上的神仙们？,李白认为高声会惊扰神灵或天上的存在。古代文化中，天上的人通常指的是神灵或仙人，人们普遍认为他们拥有超凡的力量和威严，因此害怕惊扰或得罪他们，以免带来不幸或灾难。
为什么说伸手就能摸到星星呢？,这是一种夸张的手法，用来形容山峰极高，仿佛能触及天际，进而让人感觉能摸到星星。
为什么第二句说摸到星星的？真的可以摸到星星吗？,第二句说摸到星星，是为了强调楼（或山峰）的高耸。不可以摸到星星。
李白为什么举手就能碰到星星？,是运用夸张手法，形容山峰或楼阁之高，非实指。
天上真的有人吗？手真的能碰到星星吗？,天上没有人，手自然也不能真的碰到星星。这些都是文学上的夸张和想象。
为什么要用手摘星晨呢？,摘星辰是夸张的说法，用以表达山峰或楼阁之高，以及诗人对高远境界的向往。
为什么他举手便可摘到星辰？,摘星辰是夸张的说法，用以表达山峰或楼阁之高，以及诗人对高远境界的向往。
为什么寺在山峰，而且还能捉到星星？,寺在山峰是为了表现其超脱尘世、接近天界的崇高地位。而“捉到星星”是夸张的手法，用来形容山峰或寺庙所在之地极高，仿佛能触及星辰。
为什么一伸手就能摸到星辰,摘星辰是夸张的说法，用以表达山峰或楼阁之高，以及诗人对高远境界的向往。
真的手一伸就可以摘到星星吗？天上的神仙真的可以听到他们说话吗？,这些都是文学上的夸张和想象，并非现实。天上的神仙也是神话传说中的存在，无法真的听到人们说话。
手是怎么举到星星的？,这并非指手真的举到了星星，而是文学上的夸张和想象，用来强调山峰或寺庙的高耸。
李白为什么要伸手扪星辰。,摘星辰是夸张的说法，用以表达山峰或楼阁之高，以及诗人对高远境界的向往。
峰顶寺真有那么高吗？能扪星辰吗,没有那么高，不能摸到星星，是文学上的虚构或夸张。
古代人怎么能建出那么高的房子呢？,这里的“高房子”是文学上的夸张，并非实指。古代建筑技术虽然高超，但无法建造出高到能摘星辰的建筑。
峰顶寺真的很高吗？天上人真的能听见人们说话吗？,没有很高，是虚构或夸张的手法。天上人听不见人们说话。
这栋楼真有那么高吗？,没有那么高，是文学上的虚构或夸张。
顶峰有多高？,峰的高度是夸张和虚构的，没有具体数值
峰顶山有那么高吗。,在现实中，没有哪座山能高到让人伸手就摸到星星。
那个楼到底有多高能伸手摘到星星。,从科学角度看，没有楼能高到让人伸手摘到星星。这是文学上的夸张和想象。
峰顶寺在哪里,旧址在今湖北省黄梅县，建筑在一座高山顶上。
“峰顶寺”指的是什么？,指的是位于山峰顶端的寺庙，旧址在今湖北省黄梅县，建筑在一座高山顶上。
诗人的背景和创作动机？,此诗当为李白中年时期的作品。当时李白夜宿深山里面的一个寺庙中，凭高远眺，诗性大发，写下了这一首纪游写景的短诗。
峰顶寺有什么特点？李白是用什么手法展现这一特点的？,峰顶寺的特点是高耸入云、超凡脱俗。李白通过夸张、想象等手法，如“手可摘星辰”，来展现这一特点。
他为什么要写这首诗？,当时李白夜宿深山里面的一个寺庙中，凭高远眺，诗性大发，写下了这一首纪游写景的短诗。
第二句说了什么？,第二句是“举手扪星辰”。这句诗以夸张的手法，描绘了诗人在峰顶寺住宿时，由于山峰高耸入云，仿佛一举手就能摸到天上的星星。
诗中的象征和隐喻？,象征：峰顶寺：峰顶寺作为整首诗的核心意象，不仅实指一座位于高山顶上的寺庙，更象征着超脱尘世、接近天界的崇高境界。它代表了诗人对高远、纯净、神圣境界的向往和追求。星辰：星辰在诗中象征着高远、神秘和不可及的美好事物。诗人通过“举手扪星辰”的夸张描写，表达了自己对高远境界的渴望和追求。同时，星辰也象征着宇宙的浩瀚和无限可能。天上人：天上人通常指的是神灵或仙人，他们居住在云端之上，拥有超凡的力量和威严。在诗中，天上人象征着高不可攀、神圣不可侵犯的存在，诗人对他们的敬畏和不敢惊扰，体现了对神灵的崇敬和畏惧心理。隐喻：诗中通过“举手扪星辰”的夸张描写，隐喻了峰顶寺所在之地的极高和超凡脱俗。这种高度不仅指物理上的高度，更指精神上的高度和境界的高远。诗人通过“不敢高声语，恐惊天上人”的描写，隐喻了峰顶寺所在之地的静谧和神圣。这种静谧和神圣不仅是对外界噪音的排斥，更是对内心纷扰的摒弃，体现了诗人对精神净土的向往和追求。诗中人与星辰、天上人的互动，隐喻了人与自然之间的和谐关系。诗人将自己置于天地之间，与星辰对话，与天上人共处，体现了人类与自然界的紧密相连和相互依存。
天上人是谁？,天上人通常指的是神灵、仙人
天上有神仙吗,没有
真的有神仙吗,神仙是神话传说中的存在，从科学角度看并不真实存在。
这道题目为什么叫题峰顶寺？,诗名“题峰顶寺”直接点明了诗歌的主题或场景，即关于山峰顶端的寺庙。这样的命名有助于读者快速理解诗歌的内容和意境。
诗的名字为什么要叫题峰顶寺？,诗名“题峰顶寺”直接点明了诗歌的主题或场景，即关于山峰顶端的寺庙。这样的命名有助于读者快速理解诗歌的内容和意境。
山上为什么会有一一座寺？为什么还可以摘到星辰？真的有那么高吗？,山上建寺往往与宗教信仰、寻求心灵寄托有关。摘到星辰是夸张的说法，用来形容山峰或寺庙的高耸。实际上，并没有那么高。
这个山寺有几层？,未知
为什么他们要夜宿峰顶寺,没有具体史料记载。
在第一句夜宿峰顶寺那句中，楼有多高才可以举手就扪到星星？,这并非指实际的楼高，而是文学上的夸张。在诗中，这样的描述旨在强调山峰或寺庙所在之地的极高和超凡脱俗。
有多高才能摸到天空呢？,从科学角度看，人类无法摸到天空，因为天空是无限高的。
为什么他们要夜宿峰顶寺,没有具体史料记载。
他们都说了哪些事情？,没有具体史料记载。
他们住在封顶上是为了看星星吗？,不是。
这么高李白不怕掉下去吗？,实际上李白并未真的站在那么高的地方，这是他的想象。
星辰是什么意思,星辰指的是夜空中的星星
